,Empates,Saldo_gols,Derrotas,Jogos,Pontos,Rodada,Time,Vitorias,rank,Gols_pro,Gols_con
0,0,4,0,1,3,1,Manchester United,1,1,4,0
1,0,3,0,1,3,1,Huddersfield Town,1,2,3,0
2,0,2,0,1,3,1,Manchester City,1,3,2,0
3,0,2,0,1,3,1,Tottenham Hotspur,1,3,2,0
4,0,1,0,1,3,1,Arsenal FC,1,5,4,3
5,0,1,0,1,3,1,Burnley FC,1,6,3,2
6,0,1,0,1,3,1,Everton FC,1,7,1,0
7,0,1,0,1,3,1,West Bromwich Albion,1,7,1,0
8,1,0,0,1,1,1,Liverpool FC,0,9,3,3
9,1,0,0,1,1,1,Watford FC,0,9,3,3
10,1,0,0,1,1,1,Southampton FC,0,11,0,0
11,1,0,0,1,1,1,Swansea City,0,11,0,0
12,0,-1,1,1,0,1,Leicester City,0,13,3,4
13,0,-1,1,1,0,1,Chelsea FC,0,14,2,3
14,0,-1,1,1,0,1,AFC Bournemouth,0,15,0,1
15,0,-1,1,1,0,1,Stoke City,0,15,0,1
16,0,-2,1,1,0,1,Brighton & Hove Albion,0,17,0,2
17,0,-2,1,1,0,1,Newcastle United,0,17,0,2
18,0,-3,1,1,0,1,Crystal Palace,0,19,0,3
19,0,-4,1,1,0,1,West Ham United,0,20,0,4
20,0,8,0,2,6,2,Manchester United,2,1,8,0
21,0,4,0,2,6,2,Huddersfield Town,2,2,4,0
22,0,2,0,2,6,2,West Bromwich Albion,2,3,2,0
23,1,2,0,2,4,2,Watford FC,1,4,5,3
24,1,2,0,2,4,2,Manchester City,1,5,3,1
25,1,1,0,2,4,2,Liverpool FC,1,6,4,3
26,1,1,0,2,4,2,Southampton FC,1,7,3,2
27,1,1,0,2,4,2,Everton FC,1,8,2,1
28,0,1,1,2,3,2,Leicester City,1,9,5,4
29,0,1,1,2,3,2,Tottenham Hotspur,1,10,3,2
30,0,0,1,2,3,2,Arsenal FC,1,11,4,4
31,0,0,1,2,3,2,Chelsea FC,1,31,4,4
32,0,0,1,2,3,2,Burnley FC,1,13,3,3
33,0,0,1,2,3,2,Stoke City,1,14,1,1
34,1,-4,1,2,1,2,Swansea City,0,15,0,4
35,0,-3,2,2,0,2,AFC Bournemouth,0,16,0,3
36,0,-3,2,2,0,2,Newcastle United,0,36,0,3
37,0,-4,2,2,0,2,Brighton & Hove Albion,0,18,0,4
38,0,-4,2,2,0,2,Crystal Palace,0,38,0,4
39,0,-5,2,2,0,2,West Ham United,0,20,2,7
40,0,10,0,3,9,3,Manchester United,3,1,10,0
41,1,5,0,3,7,3,Liverpool FC,2,2,8,3
42,1,4,0,3,7,3,Huddersfield Town,2,3,4,0
43,1,3,0,3,7,3,Manchester City,2,4,5,2
44,1,2,0,3,7,3,West Bromwich Albion,2,5,3,1
45,0,2,1,3,6,3,Chelsea FC,2,6,6,4
46,2,2,0,3,5,3,Watford FC,1,7,5,3
47,2,1,0,3,5,3,Southampton FC,1,8,3,2
48,1,1,1,3,4,3,Tottenham Hotspur,1,9,4,3
49,1,0,1,3,4,3,Burnley FC,1,10,4,4
50,1,0,1,3,4,3,Stoke City,1,11,2,2
51,1,-1,1,3,4,3,Everton FC,1,12,2,3
52,1,-2,1,3,4,3,Swansea City,1,13,2,4
53,0,0,2,3,3,3,Newcastle United,1,14,3,3
54,0,-1,2,3,3,3,Leicester City,1,15,5,6
55,0,-4,2,3,3,3,Arsenal FC,1,16,4,8
56,1,-4,2,3,1,3,Brighton & Hove Albion,0,17,0,4
57,0,-4,3,3,0,3,AFC Bournemouth,0,18,1,5
58,0,-6,3,3,0,3,Crystal Palace,0,19,0,6
59,0,-8,3,3,0,3,West Ham United,0,20,2,10
60,1,10,0,4,10,4,Manchester United,3,1,12,2
61,1,8,0,4,10,4,Manchester City,3,2,10,2
62,0,3,1,4,9,4,Chelsea FC,3,3,8,5
63,2,4,0,4,8,4,Watford FC,2,4,7,3
64,1,4,1,4,7,4,Tottenham Hotspur,2,5,7,3
65,1,2,1,4,7,4,Huddersfield Town,2,6,4,2
66,1,1,1,4,7,4,Burnley FC,2,7,5,4
67,1,0,1,4,7,4,Liverpool FC,2,8,8,8
68,1,0,1,4,7,4,West Bromwich Albion,2,9,4,4
69,0,1,2,4,6,4,Newcastle United,2,10,4,3
70,0,-1,2,4,6,4,Arsenal FC,2,11,7,8
71,2,0,1,4,5,4,Stoke City,1,12,4,4
72,2,-1,1,4,5,4,Southampton FC,1,13,3,4
73,1,-2,2,4,4,4,Brighton & Hove Albion,1,14,3,5
74,1,-3,2,4,4,4,Swansea City,1,15,2,5
75,1,-4,2,4,4,4,Everton FC,1,16,2,6
76,0,-2,3,4,3,4,Leicester City,1,17,6,8
77,0,-6,3,4,3,4,West Ham United,1,18,4,10
78,0,-7,4,4,0,4,AFC Bournemouth,0,19,1,8
79,0,-7,4,4,0,4,Crystal Palace,0,20,0,7
80,1,14,0,5,13,5,Manchester City,4,1,16,2
81,1,14,0,5,13,5,Manchester United,4,81,16,2
82,1,3,1,5,10,5,Chelsea FC,3,3,8,5
83,0,2,2,5,9,5,Newcastle United,3,4,6,4
84,2,4,1,5,8,5,Tottenham Hotspur,2,5,7,3
85,2,2,1,5,8,5,Huddersfield Town,2,6,5,3
86,2,1,1,5,8,5,Burnley FC,2,7,6,5
87,2,0,1,5,8,5,Liverpool FC,2,8,9,9
88,2,0,1,5,8,5,Southampton FC,2,9,4,4
89,2,0,1,5,8,5,West Bromwich Albion,2,89,4,4
90,2,-2,1,5,8,5,Watford FC,2,11,7,9
91,1,-1,2,5,7,5,Arsenal FC,2,12,7,8
92,2,-1,2,5,5,5,Stoke City,1,13,5,6
93,2,-3,2,5,5,5,Swansea City,1,14,2,5
94,1,-2,3,5,4,5,Leicester City,1,15,7,9
95,1,-3,3,5,4,5,Brighton & Hove Albion,1,16,4,7
96,1,-6,3,5,4,5,West Ham United,1,17,4,10
97,1,-8,3,5,4,5,Everton FC,1,18,2,10
98,0,-6,4,5,3,5,AFC Bournemouth,1,19,3,9
99,0,-8,5,5,0,5,Crystal Palace,0,20,0,8
100,1,19,0,6,16,6,Manchester City,5,1,21,2
101,1,15,0,6,16,6,Manchester United,5,2,17,2
102,1,7,1,6,13,6,Chelsea FC,4,3,12,5
103,2,5,1,6,11,6,Tottenham Hotspur,3,4,10,5
104,2,1,1,6,11,6,Liverpool FC,3,5,12,11
105,2,-1,1,6,11,6,Watford FC,3,6,9,10
106,1,1,2,6,10,6,Arsenal FC,3,7,9,8
107,3,2,1,6,9,6,Huddersfield Town,2,8,5,3
108,3,1,1,6,9,6,Burnley FC,2,9,6,5
109,0,1,3,6,9,6,Newcastle United,3,109,6,5
110,2,-1,2,6,8,6,Southampton FC,2,11,4,5
111,2,-2,2,6,8,6,West Bromwich Albion,2,12,4,6
112,1,-2,3,6,7,6,Brighton & Hove Albion,2,13,5,7
113,1,-7,3,6,7,6,Everton FC,2,14,4,11
114,2,-4,3,6,5,6,Swansea City,1,15,3,7
115,2,-5,3,6,5,6,Stoke City,1,16,5,10
116,1,-3,4,6,4,6,Leicester City,1,17,9,12
117,1,-7,4,6,4,6,West Ham United,1,18,6,13
118,0,-7,5,6,3,6,AFC Bournemouth,1,19,4,11
119,0,-13,6,6,0,6,Crystal Palace,0,20,0,13
120,1,20,0,7,19,7,Manchester City,6,1,22,2
121,1,19,0,7,19,7,Manchester United,6,2,21,2
122,2,9,1,7,14,7,Tottenham Hotspur,4,3,14,5
123,1,6,2,7,13,7,Chelsea FC,4,4,12,6
124,1,3,2,7,13,7,Arsenal FC,4,5,11,8
125,3,2,1,7,12,7,Burnley FC,3,6,7,5
126,3,1,1,7,12,7,Liverpool FC,3,7,13,12
127,3,-1,1,7,12,7,Watford FC,3,8,11,12
128,1,1,3,7,10,7,Newcastle United,3,9,7,6
129,3,-2,2,7,9,7,West Bromwich Albion,2,10,6,8
130,3,-2,2,7,9,7,Huddersfield Town,2,11,5,7
131,2,-2,3,7,8,7,Southampton FC,2,12,5,7
132,2,-4,3,7,8,7,Stoke City,2,13,7,11
133,1,-4,4,7,7,7,Brighton & Hove Albion,2,14,5,9
134,1,-6,4,7,7,7,West Ham United,2,15,7,13
135,1,-8,4,7,7,7,Everton FC,2,16,4,12
136,2,-3,4,7,5,7,Leicester City,1,17,9,12
137,2,-5,4,7,5,7,Swansea City,1,18,3,8
138,1,-7,5,7,4,7,AFC Bournemouth,1,19,4,11
139,0,-17,7,7,0,7,Crystal Palace,0,20,0,17
140,1,25,0,8,22,8,Manchester City,7,1,29,4
141,2,19,0,8,20,8,Manchester United,6,2,21,2
142,2,10,1,8,17,8,Tottenham Hotspur,5,3,15,5
143,3,0,1,8,15,8,Watford FC,4,4,13,13
144,1,5,3,8,13,8,Chelsea FC,4,5,13,8
145,1,2,3,8,13,8,Arsenal FC,4,6,12,10
146,4,2,1,8,13,8,Burnley FC,3,7,8,6
147,4,1,1,8,13,8,Liverpool FC,3,8,13,12
148,2,1,3,8,11,8,Newcastle United,3,9,9,8
149,4,-2,2,8,10,8,West Bromwich Albion,2,10,7,9
150,3,-2,3,8,9,8,Southampton FC,2,11,7,9
151,3,-4,3,8,9,8,Huddersfield Town,2,12,5,9
152,2,-3,4,8,8,8,Swansea City,2,13,5,8
153,2,-4,4,8,8,8,Brighton & Hove Albion,2,14,6,10
154,2,-6,4,8,8,8,West Ham United,2,15,8,14
155,2,-8,4,8,8,8,Everton FC,2,16,5,13
156,2,-9,4,8,8,8,Stoke City,2,17,9,18
157,3,-3,4,8,6,8,Leicester City,1,18,10,13
158,1,-8,6,8,4,8,AFC Bournemouth,1,19,4,12
159,0,-16,7,8,3,8,Crystal Palace,1,20,2,18
160,1,28,0,9,25,9,Manchester City,8,1,32,4
161,2,18,1,9,20,9,Manchester United,6,2,22,4
162,2,13,1,9,20,9,Tottenham Hotspur,6,3,19,6
163,1,7,3,9,16,9,Chelsea FC,5,4,17,10
164,1,5,3,9,16,9,Arsenal FC,5,5,17,12
165,3,-2,2,9,15,9,Watford FC,4,6,15,17
166,2,2,3,9,14,9,Newcastle United,4,7,10,8
167,4,-1,2,9,13,9,Burnley FC,3,8,8,9
168,4,-2,2,9,13,9,Liverpool FC,3,9,14,16
169,3,-1,3,9,12,9,Southampton FC,3,10,8,9
170,3,-3,3,9,12,9,Huddersfield Town,3,11,7,10
171,2,-1,4,9,11,9,Brighton & Hove Albion,3,12,9,10
172,4,-3,3,9,10,9,West Bromwich Albion,2,13,7,10
173,3,-2,4,9,9,9,Leicester City,2,14,12,14
174,2,-4,5,9,8,9,Swansea City,2,15,6,10
175,2,-9,5,9,8,9,West Ham United,2,16,8,17
176,2,-10,5,9,8,9,Stoke City,2,17,10,20
177,2,-11,5,9,8,9,Everton FC,2,18,7,18
178,1,-7,6,9,7,9,AFC Bournemouth,2,19,6,13
179,0,-17,8,9,3,9,Crystal Palace,1,20,2,19
180,1,29,0,10,28,10,Manchester City,9,1,35,6
181,2,19,1,10,23,10,Manchester United,7,2,23,4
182,2,12,2,10,20,10,Tottenham Hotspur,6,3,19,7
183,1,8,3,10,19,10,Chelsea FC,6,4,18,10
184,1,6,3,10,19,10,Arsenal FC,6,5,19,13
185,4,1,2,10,16,10,Liverpool FC,4,6,17,16
186,4,0,2,10,16,10,Burnley FC,4,7,9,9
187,3,-3,3,10,15,10,Watford FC,4,8,15,18
188,2,1,4,10,14,10,Newcastle United,4,9,10,9
189,4,-1,3,10,13,10,Southampton FC,3,10,9,10
190,3,0,4,10,12,10,Leicester City,3,11,14,14
191,3,-1,4,10,12,10,Brighton & Hove Albion,3,12,10,11
192,3,-6,4,10,12,10,Huddersfield Town,3,13,7,13
193,2,-9,5,10,11,10,Stoke City,3,14,11,20
194,4,-4,4,10,10,10,West Bromwich Albion,2,15,9,13
195,3,-9,5,10,9,10,West Ham United,2,16,10,19
196,2,-5,6,10,8,10,Swansea City,2,17,7,12
197,2,-13,6,10,8,10,Everton FC,2,18,7,20
198,1,-8,7,10,7,10,AFC Bournemouth,2,19,6,14
199,1,-17,8,10,4,10,Crystal Palace,1,20,4,21
200,1,31,0,11,31,11,Manchester City,10,1,38,7
201,2,18,2,11,23,11,Manchester United,7,2,23,5
202,2,13,2,11,23,11,Tottenham Hotspur,7,3,20,7
203,1,9,3,11,22,11,Chelsea FC,7,4,19,10
204,4,4,2,11,19,11,Liverpool FC,5,5,21,17
205,1,4,4,11,19,11,Arsenal FC,6,6,20,16
206,4,1,2,11,19,11,Burnley FC,5,7,10,9
207,3,0,4,11,15,11,Brighton & Hove Albion,4,8,11,11
208,3,-4,4,11,15,11,Watford FC,4,9,17,21
209,3,-5,4,11,15,11,Huddersfield Town,4,10,8,13
210,2,0,5,11,14,11,Newcastle United,4,11,10,10
211,4,0,4,11,13,11,Leicester City,3,12,16,16
212,4,-2,4,11,13,11,Southampton FC,3,13,9,11
213,3,-9,5,11,12,11,Stoke City,3,14,13,22
214,2,-12,6,11,11,11,Everton FC,3,15,10,22
215,4,-5,5,11,10,11,West Bromwich Albion,2,16,9,14
216,1,-7,7,11,10,11,AFC Bournemouth,3,17,7,14
217,3,-12,6,11,9,11,West Ham United,2,18,11,23
218,2,-6,7,11,8,11,Swansea City,2,19,7,13
219,1,-18,9,11,4,11,Crystal Palace,1,20,4,22
220,1,33,0,12,34,12,Manchester City,11,1,40,7
221,2,21,2,12,26,12,Manchester United,8,2,27,6
222,1,13,3,12,25,12,Chelsea FC,8,3,23,10
223,2,11,3,12,23,12,Tottenham Hotspur,7,4,20,9
224,4,7,2,12,22,12,Liverpool FC,6,5,24,17
225,1,6,4,12,22,12,Arsenal FC,7,6,22,16
226,4,3,2,12,22,12,Burnley FC,6,7,12,9
227,3,-2,4,12,18,12,Watford FC,5,8,19,21
228,4,0,4,12,16,12,Brighton & Hove Albion,4,9,13,13
229,3,-9,5,12,15,12,Huddersfield Town,4,10,8,17
230,2,-3,6,12,14,12,Newcastle United,4,11,11,14
231,4,-2,5,12,13,12,Leicester City,3,12,16,18
232,1,-3,7,12,13,12,AFC Bournemouth,4,13,11,14
233,4,-5,5,12,13,12,Southampton FC,3,14,9,14
234,4,-9,5,12,13,12,Stoke City,3,15,15,24
235,3,-12,6,12,12,12,Everton FC,3,16,12,24
236,4,-9,6,12,10,12,West Bromwich Albion,2,17,9,18
237,3,-14,7,12,9,12,West Ham United,2,18,11,25
238,2,-8,8,12,8,12,Swansea City,2,19,7,15
239,2,-18,9,12,5,12,Crystal Palace,1,20,6,24
240,1,34,0,13,37,13,Manchester City,12,1,42,8
241,2,22,2,13,29,13,Manchester United,9,2,28,6
242,2,13,3,13,26,13,Chelsea FC,8,3,24,11
243,1,7,4,13,25,13,Arsenal FC,8,4,23,16
244,3,11,3,13,24,13,Tottenham Hotspur,7,5,21,10
245,5,7,2,13,23,13,Liverpool FC,6,6,25,18
246,4,2,3,13,22,13,Burnley FC,6,7,12,10
247,3,1,4,13,21,13,Watford FC,6,8,22,21
248,4,-1,5,13,16,13,Brighton & Hove Albion,4,9,13,14
249,4,-2,5,13,16,13,Southampton FC,4,10,13,15
250,3,-10,6,13,15,13,Huddersfield Town,4,11,9,19
251,5,-2,5,13,14,13,Leicester City,3,12,17,19
252,2,-3,7,13,14,13,AFC Bournemouth,4,13,11,14
253,2,-6,7,13,14,13,Newcastle United,4,14,11,17
254,4,-10,6,13,13,13,Stoke City,3,15,16,26
255,3,-15,7,13,12,13,Everton FC,3,16,13,28
256,5,-9,6,13,11,13,West Bromwich Albion,2,17,10,19
257,4,-14,7,13,10,13,West Ham United,2,18,12,26
258,3,-8,8,13,9,13,Swansea City,2,19,7,15
259,2,-17,9,13,8,13,Crystal Palace,2,20,8,25
260,1,35,0,14,40,14,Manchester City,13,1,44,9
261,2,24,2,14,32,14,Manchester United,10,2,32,8
262,2,14,3,14,29,14,Chelsea FC,9,3,25,11
263,1,12,4,14,28,14,Arsenal FC,9,4,28,16
264,5,10,2,14,26,14,Liverpool FC,7,5,28,18
265,4,3,3,14,25,14,Burnley FC,7,6,14,11
266,3,10,4,14,24,14,Tottenham Hotspur,7,7,22,12
267,3,-1,5,14,21,14,Watford FC,6,8,24,25
268,5,-1,5,14,17,14,Leicester City,4,9,19,20
269,5,-1,5,14,17,14,Brighton & Hove Albion,4,10,13,14
270,4,-3,6,14,16,14,Southampton FC,4,11,14,17
271,3,-6,7,14,15,14,Newcastle United,4,12,13,19
272,3,-11,7,14,15,14,Everton FC,4,13,17,28
273,3,-15,7,14,15,14,Huddersfield Town,4,14,9,24
274,2,-4,8,14,14,14,AFC Bournemouth,4,15,12,16
275,4,-13,7,14,13,14,Stoke City,3,16,16,29
276,6,-9,6,14,12,14,West Bromwich Albion,2,17,12,21
277,4,-18,8,14,10,14,West Ham United,2,18,12,30
278,3,-9,9,14,9,14,Swansea City,2,19,7,16
279,3,-17,9,14,9,14,Crystal Palace,2,20,8,25
280,1,36,0,15,43,15,Manchester City,14,1,46,10
281,2,26,2,15,35,15,Manchester United,11,2,35,9
282,2,16,3,15,32,15,Chelsea FC,10,3,28,12
283,5,14,2,15,29,15,Liverpool FC,8,4,33,19
284,1,10,5,15,28,15,Arsenal FC,9,5,29,19
285,4,10,4,15,25,15,Tottenham Hotspur,7,6,23,13
286,4,2,4,15,25,15,Burnley FC,7,7,14,12
287,4,-1,5,15,22,15,Watford FC,6,8,25,26
288,5,0,5,15,20,15,Leicester City,5,9,20,20
289,3,-9,7,15,18,15,Everton FC,5,10,19,28
290,5,-3,6,15,17,15,Southampton FC,4,11,15,18
291,5,-5,6,15,17,15,Brighton & Hove Albion,4,12,14,19
292,4,-12,7,15,16,15,Stoke City,4,13,18,30
293,3,-4,8,15,15,15,AFC Bournemouth,4,14,13,17
294,3,-8,8,15,15,15,Newcastle United,4,15,14,22
295,3,-17,8,15,15,15,Huddersfield Town,4,16,9,26
296,7,-9,6,15,13,15,West Bromwich Albion,2,17,12,21
297,4,-17,9,15,10,15,Crystal Palace,2,18,8,25
298,4,-19,9,15,10,15,West Ham United,2,19,13,32
299,3,-10,10,15,9,15,Swansea City,2,20,8,18
300,1,37,0,16,46,16,Manchester City,15,1,48,11
301,2,25,3,16,35,16,Manchester United,11,2,36,11
302,2,15,4,16,32,16,Chelsea FC,10,3,28,13
303,6,14,2,16,30,16,Liverpool FC,8,4,34,20
304,2,10,5,16,29,16,Arsenal FC,9,5,30,20
305,4,14,4,16,28,16,Tottenham Hotspur,8,6,28,14
306,4,3,4,16,28,16,Burnley FC,8,7,15,12
307,5,1,5,16,23,16,Leicester City,6,8,23,22
308,4,-2,6,16,22,16,Watford FC,6,9,25,27
309,4,-9,7,16,19,16,Everton FC,5,10,20,29
310,6,-3,6,16,18,16,Southampton FC,4,11,16,19
311,3,-15,8,16,18,16,Huddersfield Town,5,12,11,26
312,5,-7,7,16,17,16,Brighton & Hove Albion,4,13,14,21
313,4,-4,8,16,16,16,AFC Bournemouth,4,14,15,19
314,4,-16,8,16,16,16,Stoke City,4,15,19,35
315,3,-9,9,16,15,16,Newcastle United,4,16,16,25
316,7,-10,7,16,13,16,West Bromwich Albion,2,17,12,22
317,4,-18,9,16,13,16,West Ham United,3,18,14,32
318,3,-9,10,16,12,16,Swansea City,3,19,9,18
319,5,-17,9,16,11,16,Crystal Palace,2,20,10,27
320,1,41,0,17,49,17,Manchester City,16,1,52,11
321,2,26,3,17,38,17,Manchester United,12,2,37,11
322,2,17,4,17,35,17,Chelsea FC,11,3,31,14
323,4,16,4,17,31,17,Tottenham Hotspur,9,4,30,14
324,7,14,2,17,31,17,Liverpool FC,8,5,34,20
325,4,4,4,17,31,17,Burnley FC,9,6,16,12
326,3,10,5,17,30,17,Arsenal FC,9,7,30,20
327,5,4,5,17,26,17,Leicester City,7,8,27,23
328,4,-3,7,17,22,17,Watford FC,6,9,26,29
329,4,-8,7,17,22,17,Everton FC,6,10,21,29
330,6,-6,7,17,18,17,Southampton FC,4,11,17,23
331,3,-17,9,17,18,17,Huddersfield Town,5,12,12,29
332,5,-9,8,17,17,17,Brighton & Hove Albion,4,13,14,23
333,4,-5,9,17,16,17,AFC Bournemouth,4,14,15,20
334,4,-17,9,17,16,17,Stoke City,4,15,19,36
335,3,-10,10,17,15,17,Newcastle United,4,16,16,26
336,8,-10,7,17,14,17,West Bromwich Albion,2,17,12,22
337,5,-16,9,17,14,17,Crystal Palace,3,18,12,28
338,5,-18,9,17,14,17,West Ham United,3,19,14,32
339,3,-13,11,17,12,17,Swansea City,3,20,9,22
340,1,44,0,18,52,18,Manchester City,17,1,56,12
341,2,27,3,18,41,18,Manchester United,13,2,39,12
342,2,18,4,18,38,18,Chelsea FC,12,3,32,14
343,7,18,2,18,34,18,Liverpool FC,9,4,38,20
344,3,11,5,18,33,18,Arsenal FC,10,5,31,20
345,5,4,4,18,32,18,Burnley FC,9,6,16,12
346,4,13,5,18,31,18,Tottenham Hotspur,9,7,31,18
347,5,1,6,18,26,18,Leicester City,7,8,27,26
348,4,-6,7,18,25,18,Everton FC,7,9,24,30
349,4,-6,8,18,22,18,Watford FC,6,10,27,33
350,3,-14,9,18,21,18,Huddersfield Town,6,11,16,30
351,6,-7,8,18,18,18,Southampton FC,4,12,17,24
352,6,-9,8,18,18,18,Brighton & Hove Albion,4,13,14,23
353,5,-13,9,18,17,18,Crystal Palace,4,14,15,28
354,5,-15,9,18,17,18,West Ham United,4,15,17,32
355,4,-9,10,18,16,18,AFC Bournemouth,4,16,15,24
356,4,-20,10,18,16,18,Stoke City,4,17,19,39
357,3,-11,11,18,15,18,Newcastle United,4,18,16,27
358,8,-11,8,18,14,18,West Bromwich Albion,2,19,13,24
359,3,-15,12,18,12,18,Swansea City,3,20,10,25
360,1,48,0,19,55,19,Manchester City,18,1,60,12
361,3,27,3,19,42,19,Manchester United,13,2,41,14
362,3,18,4,19,39,19,Chelsea FC,12,3,32,14
363,8,18,2,19,35,19,Liverpool FC,9,4,41,23
364,4,16,5,19,34,19,Tottenham Hotspur,10,5,34,18
365,4,11,5,19,34,19,Arsenal FC,10,6,34,23
366,5,1,5,19,32,19,Burnley FC,9,7,16,15
367,6,1,6,19,27,19,Leicester City,7,8,29,28
368,5,-6,7,19,26,19,Everton FC,7,9,24,30
369,4,-7,9,19,22,19,Watford FC,6,10,27,34
370,4,-14,9,19,22,19,Huddersfield Town,6,11,17,31
371,6,-8,8,19,21,19,Brighton & Hove Albion,5,12,15,23
372,7,-7,8,19,19,19,Southampton FC,4,13,18,25
373,4,-18,10,19,19,19,Stoke City,5,14,22,40
374,3,-10,11,19,18,19,Newcastle United,5,15,19,29
375,6,-13,9,19,18,19,Crystal Palace,4,16,16,29
376,5,-16,10,19,17,19,West Ham United,4,17,19,35
377,4,-13,11,19,16,19,AFC Bournemouth,4,18,15,28
378,8,-13,9,19,14,19,West Bromwich Albion,2,19,14,27
379,4,-15,12,19,13,19,Swansea City,3,20,11,26
380,1,49,0,20,58,20,Manchester City,19,1,61,12
381,4,27,3,20,43,20,Manchester United,13,2,43,16
382,3,20,4,20,42,20,Chelsea FC,13,3,34,14
383,8,23,2,20,38,20,Liverpool FC,10,4,46,23
384,4,19,5,20,37,20,Tottenham Hotspur,11,5,39,20
385,4,12,5,20,37,20,Arsenal FC,11,6,37,25
386,6,1,5,20,33,20,Burnley FC,9,7,18,17
387,6,0,7,20,27,20,Leicester City,7,8,30,30
388,6,-6,7,20,27,20,Everton FC,7,9,24,30
389,4,-6,9,20,25,20,Watford FC,7,10,29,35
390,5,-14,9,20,23,20,Huddersfield Town,6,11,18,32
391,6,-10,9,20,21,20,Brighton & Hove Albion,5,12,15,25
392,5,-18,10,20,20,20,Stoke City,5,13,23,41
393,7,-10,9,20,19,20,Southampton FC,4,14,20,30
394,3,-11,12,20,18,20,Newcastle United,5,15,19,30
395,6,-14,10,20,18,20,Crystal Palace,4,16,18,32
396,6,-16,10,20,18,20,West Ham United,4,17,22,38
397,5,-13,11,20,17,20,AFC Bournemouth,4,18,18,31
398,9,-13,9,20,15,20,West Bromwich Albion,2,19,14,27
399,4,-20,13,20,13,20,Swansea City,3,20,11,31
400,2,49,0,21,59,21,Manchester City,19,1,61,12
401,3,25,4,21,45,21,Chelsea FC,14,2,39,14
402,5,27,3,21,44,21,Manchester United,13,3,43,16
403,8,24,2,21,41,21,Liverpool FC,11,4,48,24
404,5,19,5,21,38,21,Tottenham Hotspur,11,5,40,21
405,5,12,5,21,38,21,Arsenal FC,11,6,38,26
406,7,1,5,21,34,21,Burnley FC,9,7,18,17
407,6,-1,8,21,27,21,Leicester City,7,8,31,32
408,6,-7,8,21,27,21,Everton FC,7,9,25,32
409,4,-7,10,21,25,21,Watford FC,7,10,30,37
410,6,-14,9,21,24,21,Huddersfield Town,6,11,18,32
411,7,-10,9,21,22,21,Brighton & Hove Albion,5,12,15,25
412,8,-10,9,21,20,21,Southampton FC,4,13,20,30
413,5,-12,11,21,20,21,AFC Bournemouth,5,14,20,32
414,5,-23,11,21,20,21,Stoke City,5,15,23,46
415,4,-11,12,21,19,21,Newcastle United,5,16,19,30
416,7,-14,10,21,19,21,Crystal Palace,4,17,18,32
417,7,-16,10,21,19,21,West Ham United,4,18,23,39
418,10,-13,9,21,16,21,West Bromwich Albion,2,19,15,28
419,4,-19,13,21,16,21,Swansea City,4,20,13,32
420,2,51,0,22,62,22,Manchester City,20,1,64,13
421,5,29,3,22,47,22,Manchester United,14,2,45,16
422,4,25,4,22,46,22,Chelsea FC,14,3,41,16
423,8,25,2,22,44,22,Liverpool FC,12,4,50,25
424,5,21,5,22,41,22,Tottenham Hotspur,12,5,42,21
425,6,12,5,22,39,22,Arsenal FC,11,6,40,28
426,7,0,6,22,34,22,Burnley FC,9,7,19,19
427,6,2,8,22,30,22,Leicester City,8,8,34,32
428,6,-9,9,22,27,22,Everton FC,7,9,25,34
429,4,-9,11,22,25,22,Watford FC,7,10,31,40
430,6,-17,10,22,24,22,Huddersfield Town,6,11,18,35
431,8,-10,9,22,23,22,Brighton & Hove Albion,5,12,17,27
432,4,-10,12,22,22,22,Newcastle United,6,13,20,30
433,7,-13,10,22,22,22,Crystal Palace,5,14,20,33
434,7,-15,10,22,22,22,West Ham United,5,15,25,40
435,6,-12,11,22,21,22,AFC Bournemouth,5,16,22,34
436,8,-11,10,22,20,22,Southampton FC,4,17,21,32
437,5,-24,12,22,20,22,Stoke City,5,18,23,47
438,10,-14,10,22,16,22,West Bromwich Albion,2,19,16,30
439,4,-21,14,22,16,22,Swansea City,4,20,13,34
440,2,50,1,23,62,23,Manchester City,20,1,67,17
441,5,32,3,23,50,23,Manchester United,15,2,48,16
442,8,26,2,23,47,23,Liverpool FC,13,3,54,28
443,5,25,4,23,47,23,Chelsea FC,14,4,41,16
444,5,25,5,23,44,23,Tottenham Hotspur,13,5,46,21
445,6,11,6,23,39,23,Arsenal FC,11,6,41,30
446,7,-1,7,23,34,23,Burnley FC,9,7,19,20
447,7,2,8,23,31,23,Leicester City,8,8,34,32
448,6,-13,10,23,27,23,Everton FC,7,9,25,38
449,5,-9,11,23,26,23,Watford FC,7,10,33,42
450,7,-12,10,23,25,23,West Ham United,6,11,29,41
451,7,-12,10,23,25,23,Crystal Palace,6,12,21,33
452,6,-11,11,23,24,23,AFC Bournemouth,6,13,24,35
453,6,-20,11,23,24,23,Huddersfield Town,6,14,19,39
454,5,-10,12,23,23,23,Newcastle United,6,15,21,31
455,8,-12,10,23,23,23,Brighton & Hove Albion,5,16,17,29
456,9,-11,10,23,21,23,Southampton FC,4,17,23,34
457,5,-27,13,23,20,23,Stoke City,5,18,23,50
458,10,-12,10,23,19,23,West Bromwich Albion,3,19,18,30
459,5,-21,14,23,17,23,Swansea City,4,20,14,35
460,2,52,1,24,65,24,Manchester City,21,1,70,18
461,5,33,3,24,53,24,Manchester United,16,2,49,16
462,5,29,4,24,50,24,Chelsea FC,15,3,45,16
463,8,25,3,24,47,24,Liverpool FC,13,4,54,29
464,6,25,5,24,45,24,Tottenham Hotspur,13,5,47,22
465,6,14,6,24,42,24,Arsenal FC,12,6,45,31
466,7,4,8,24,34,24,Leicester City,9,7,36,32
467,7,-2,8,24,34,24,Burnley FC,9,8,19,21
468,7,-13,10,24,28,24,Everton FC,7,9,26,39
469,5,-11,12,24,26,24,Watford FC,7,10,33,44
470,8,-12,10,24,26,24,West Ham United,6,11,30,42
471,7,-11,11,24,25,24,AFC Bournemouth,6,12,25,36
472,7,-15,11,24,25,24,Crystal Palace,6,13,22,37
473,6,-22,12,24,24,24,Huddersfield Town,6,14,19,41
474,5,-12,13,24,23,24,Newcastle United,6,15,22,34
475,8,-16,11,24,23,24,Brighton & Hove Albion,5,16,17,33
476,5,-25,13,24,23,24,Stoke City,6,17,25,50
477,10,-11,10,24,22,24,Southampton FC,4,18,24,35
478,11,-12,10,24,20,24,West Bromwich Albion,3,19,19,31
479,5,-20,14,24,20,24,Swansea City,5,20,15,35
480,2,55,1,25,68,25,Manchester City,22,1,73,18
481,5,31,4,25,53,25,Manchester United,16,2,49,18
482,8,28,3,25,50,25,Liverpool FC,14,3,57,29
483,5,26,5,25,50,25,Chelsea FC,15,4,45,19
484,6,27,5,25,48,25,Tottenham Hotspur,14,5,49,22
485,6,12,7,25,42,25,Arsenal FC,12,6,46,34
486,8,-2,8,25,35,25,Burnley FC,9,7,20,22
487,7,3,9,25,34,25,Leicester City,9,8,37,34
488,7,-12,10,25,31,25,Everton FC,8,9,28,40
489,7,-8,11,25,28,25,AFC Bournemouth,7,10,28,36
490,6,-11,12,25,27,25,Watford FC,7,11,33,44
491,9,-12,10,25,27,25,West Ham United,6,12,31,43
492,8,-15,11,25,26,25,Crystal Palace,6,13,23,38
493,6,-12,13,25,24,25,Newcastle United,6,14,23,35
494,9,-16,11,25,24,25,Brighton & Hove Albion,5,15,18,34
495,6,-25,13,25,24,25,Stoke City,6,16,25,50
496,6,-25,13,25,24,25,Huddersfield Town,6,17,19,44
497,11,-11,10,25,23,25,Southampton FC,4,18,25,36
498,5,-18,14,25,23,25,Swansea City,6,19,18,36
499,11,-15,11,25,20,25,West Bromwich Albion,3,20,19,34
500,3,55,1,26,69,26,Manchester City,22,1,74,19
501,5,33,4,26,56,26,Manchester United,17,2,51,18
502,9,28,3,26,51,26,Liverpool FC,14,3,59,31
503,5,23,6,26,50,26,Chelsea FC,15,4,46,23
504,7,27,5,26,49,26,Tottenham Hotspur,14,5,51,24
505,6,16,7,26,45,26,Arsenal FC,13,6,51,35
506,9,-2,8,26,36,26,Burnley FC,9,7,21,23
507,8,3,9,26,35,26,Leicester City,9,8,38,35
508,7,-7,11,26,31,26,AFC Bournemouth,8,9,30,37
509,7,-16,11,26,31,26,Everton FC,8,10,29,45
510,6,-8,12,26,30,26,Watford FC,8,11,37,45
511,9,-14,11,26,27,26,West Ham United,6,12,32,46
512,9,-14,11,26,27,26,Brighton & Hove Albion,6,13,21,35
513,9,-15,11,26,27,26,Crystal Palace,6,14,24,39
514,11,-10,10,26,26,26,Southampton FC,5,15,28,38
515,7,-12,13,26,25,26,Newcastle United,6,16,24,36
516,6,-18,14,26,24,26,Swansea City,6,17,19,37
517,6,-26,14,26,24,26,Stoke City,6,18,26,52
518,6,-27,14,26,24,26,Huddersfield Town,6,19,19,46
519,11,-16,12,26,20,26,West Bromwich Albion,3,20,21,37
520,3,59,1,27,72,27,Manchester City,23,1,79,20
521,5,32,5,27,56,27,Manchester United,17,2,51,19
522,9,30,3,27,54,27,Liverpool FC,15,3,61,31
523,5,26,6,27,53,27,Chelsea FC,16,4,49,23
524,7,28,5,27,52,27,Tottenham Hotspur,15,5,52,24
525,6,15,8,27,45,27,Arsenal FC,13,6,51,36
526,9,-3,9,27,36,27,Burnley FC,9,7,21,24
527,8,-1,10,27,35,27,Leicester City,9,8,39,40
528,7,-14,11,27,34,27,Everton FC,9,9,32,46
529,7,-10,12,27,31,27,AFC Bournemouth,8,10,31,41
530,6,-10,13,27,30,27,Watford FC,8,11,37,47
531,9,-12,11,27,30,27,West Ham United,7,12,34,46
532,7,-11,13,27,28,27,Newcastle United,7,13,25,36
533,10,-14,11,27,28,27,Brighton & Hove Albion,6,14,22,36
534,9,-17,12,27,27,27,Crystal Palace,6,15,25,42
535,6,-17,14,27,27,27,Swansea City,7,16,20,37
536,6,-24,14,27,27,27,Huddersfield Town,7,17,23,47
537,11,-12,11,27,26,27,Southampton FC,5,18,28,40
538,7,-26,14,27,25,27,Stoke City,6,19,27,53
539,11,-19,13,27,20,27,West Bromwich Albion,3,20,21,40
540,3,62,1,28,75,28,Manchester City,24,1,82,20
541,5,33,5,28,59,28,Manchester United,18,2,53,20
542,9,33,3,28,57,28,Liverpool FC,16,3,65,32
543,7,29,5,28,55,28,Tottenham Hotspur,16,4,53,24
544,5,25,7,28,53,28,Chelsea FC,16,5,50,25
545,6,12,9,28,45,28,Arsenal FC,13,6,51,39
546,10,-3,9,28,37,28,Burnley FC,9,7,22,25
547,9,-1,10,28,36,28,Leicester City,9,8,40,41
548,7,-15,12,28,34,28,Everton FC,9,9,32,47
549,6,-9,13,28,33,28,Watford FC,9,10,38,47
550,8,-10,12,28,32,28,AFC Bournemouth,8,11,33,43
551,10,-11,11,28,31,28,Brighton & Hove Albion,7,12,26,37
552,9,-15,12,28,30,28,West Ham United,7,13,35,50
553,6,-23,14,28,30,28,Huddersfield Town,8,14,25,48
554,8,-11,13,28,29,28,Newcastle United,7,15,27,38
555,12,-12,11,28,27,28,Southampton FC,5,16,29,41
556,9,-18,13,28,27,28,Crystal Palace,6,17,25,43
557,6,-20,15,28,27,28,Swansea City,7,18,21,41
558,8,-26,14,28,26,28,Stoke City,6,19,28,54
559,11,-20,14,28,20,28,West Bromwich Albion,3,20,22,42
560,3,63,1,29,78,29,Manchester City,25,1,83,20
561,5,34,5,29,62,29,Manchester United,19,2,56,22
562,9,35,3,29,60,29,Liverpool FC,17,3,67,32
563,7,31,5,29,58,29,Tottenham Hotspur,17,4,55,24
564,5,24,8,29,53,29,Chelsea FC,16,5,50,26
565,6,11,10,29,45,29,Arsenal FC,13,6,52,41
566,10,-2,9,29,40,29,Burnley FC,10,7,24,26
567,10,-1,10,29,37,29,Leicester City,9,8,41,42
568,6,-8,13,29,36,29,Watford FC,10,9,39,47
569,10,-10,11,29,34,29,Brighton & Hove Albion,8,10,28,38
570,7,-16,13,29,34,29,Everton FC,9,11,33,49
571,9,-10,12,29,33,29,AFC Bournemouth,8,12,34,44
572,6,-17,15,29,30,29,Swansea City,8,13,25,42
573,9,-18,13,29,30,29,West Ham United,7,14,36,54
574,6,-25,15,29,30,29,Huddersfield Town,8,15,25,50
575,8,-13,14,29,29,29,Newcastle United,7,16,27,40
576,13,-12,11,29,28,29,Southampton FC,5,17,29,41
577,9,-19,14,29,27,29,Crystal Palace,6,18,27,46
578,9,-26,14,29,27,29,Stoke City,6,19,28,54
579,11,-21,15,29,20,29,West Bromwich Albion,3,20,22,43
580,3,65,1,30,81,30,Manchester City,26,1,85,20
581,5,35,5,30,65,30,Manchester United,20,2,58,23
582,7,34,5,30,61,30,Tottenham Hotspur,18,3,59,25
583,9,34,4,30,60,30,Liverpool FC,17,4,68,34
584,5,25,8,30,56,30,Chelsea FC,17,5,52,27
585,6,14,10,30,48,30,Arsenal FC,14,6,55,41
586,10,1,9,30,43,30,Burnley FC,11,7,27,26
587,10,2,10,30,40,30,Leicester City,10,8,45,43
588,7,-14,13,30,37,30,Everton FC,10,9,35,49
589,6,-11,14,30,36,30,Watford FC,10,10,39,50
590,10,-12,12,30,34,30,Brighton & Hove Albion,8,11,28,40
591,9,-13,13,30,33,30,AFC Bournemouth,8,12,35,48
592,8,-10,14,30,32,30,Newcastle United,8,13,30,40
593,7,-17,15,30,31,30,Swansea City,8,14,25,42
594,7,-25,15,30,31,30,Huddersfield Town,8,15,25,50
595,9,-21,14,30,30,30,West Ham United,7,16,36,57
596,13,-15,12,30,28,30,Southampton FC,5,17,29,44
597,9,-20,15,30,27,30,Crystal Palace,6,18,28,48
598,9,-28,15,30,27,30,Stoke City,6,19,28,56
599,11,-24,16,30,20,30,West Bromwich Albion,3,20,23,47
600,3,67,1,31,84,31,Manchester City,27,1,88,21
601,6,35,5,31,66,31,Manchester United,20,2,58,23
602,7,35,5,31,64,31,Tottenham Hotspur,19,3,60,25
603,9,39,4,31,63,31,Liverpool FC,18,4,73,34
604,5,26,8,31,59,31,Chelsea FC,18,5,54,28
605,6,12,11,31,48,31,Arsenal FC,14,6,56,44
606,10,4,10,31,43,31,Leicester City,11,7,48,44
607,10,0,10,31,43,31,Burnley FC,11,8,28,28
608,7,-13,13,31,40,31,Everton FC,11,9,37,50
609,9,-12,13,31,36,31,AFC Bournemouth,9,10,37,49
610,6,-16,15,31,36,31,Watford FC,10,11,39,55
611,10,-14,13,31,34,31,Brighton & Hove Albion,8,12,29,43
612,8,-11,15,31,32,31,Newcastle United,8,13,30,41
613,13,-14,12,31,31,31,Southampton FC,6,14,30,44
614,7,-18,16,31,31,31,Swansea City,8,15,25,43
615,10,-21,14,31,31,31,West Ham United,7,16,36,57
616,7,-27,16,31,31,31,Huddersfield Town,8,17,25,52
617,9,-18,15,31,30,31,Crystal Palace,7,18,30,48
618,9,-29,16,31,27,31,Stoke City,6,19,29,58
619,11,-25,17,31,20,31,West Bromwich Albion,3,20,24,49
620,3,69,1,32,87,32,Manchester City,28,1,91,22
621,6,37,5,32,69,32,Manchester United,21,2,60,23
622,7,37,5,32,67,32,Tottenham Hotspur,20,3,63,26
623,9,40,4,32,66,32,Liverpool FC,19,4,75,35
624,5,24,9,32,59,32,Chelsea FC,18,5,55,31
625,6,15,11,32,51,32,Arsenal FC,15,6,59,44
626,10,6,10,32,46,32,Leicester City,12,7,50,44
627,10,1,10,32,46,32,Burnley FC,12,8,30,29
628,7,-15,14,32,40,32,Everton FC,11,9,38,53
629,10,-12,13,32,37,32,AFC Bournemouth,9,10,39,51
630,7,-16,15,32,37,32,Watford FC,10,11,41,57
631,8,-10,15,32,35,32,Newcastle United,9,12,31,41
632,10,-16,14,32,34,32,Brighton & Hove Albion,8,13,29,45
633,10,-18,14,32,34,32,West Ham United,8,14,39,57
634,13,-17,13,32,31,32,Southampton FC,6,15,30,47
635,7,-20,17,32,31,32,Swansea City,8,16,25,45
636,7,-28,17,32,31,32,Huddersfield Town,8,17,25,53
637,9,-19,16,32,30,32,Crystal Palace,7,18,31,50
638,9,-32,17,32,27,32,Stoke City,6,19,29,61
639,11,-26,18,32,20,32,West Bromwich Albion,3,20,25,51
640,3,68,2,33,87,33,Manchester City,28,1,93,25
641,6,38,5,33,72,33,Manchester United,22,2,63,25
642,7,38,5,33,70,33,Tottenham Hotspur,21,3,65,27
643,10,40,4,33,67,33,Liverpool FC,19,4,75,35
644,6,24,9,33,60,33,Chelsea FC,18,5,56,32
645,6,16,11,33,54,33,Arsenal FC,16,6,62,46
646,10,2,10,33,49,33,Burnley FC,13,7,32,30
647,10,5,11,33,46,33,Leicester City,12,8,51,46
648,8,-15,14,33,41,33,Everton FC,11,9,38,53
649,8,-9,15,33,38,33,Newcastle United,10,10,33,42
650,11,-12,13,33,38,33,AFC Bournemouth,9,11,41,53
651,7,-17,16,33,37,33,Watford FC,10,12,42,59
652,11,-16,14,33,35,33,Brighton & Hove Albion,8,13,30,46
653,11,-18,14,33,35,33,West Ham United,8,14,40,58
654,8,-20,17,33,32,33,Swansea City,8,15,26,46
655,8,-28,17,33,32,33,Huddersfield Town,8,16,26,54
656,13,-18,14,33,31,33,Southampton FC,6,17,32,50
657,10,-19,16,33,31,33,Crystal Palace,7,18,33,52
658,9,-33,18,33,27,33,Stoke City,6,19,30,63
659,12,-26,18,33,21,33,West Bromwich Albion,3,20,26,52
660,3,70,2,34,90,34,Manchester City,29,1,96,26
661,6,37,6,34,72,34,Manchester United,22,2,63,26
662,10,43,4,34,70,34,Liverpool FC,20,3,78,35
663,7,36,6,34,70,34,Tottenham Hotspur,21,4,66,30
664,6,25,9,34,63,34,Chelsea FC,19,5,59,34
665,6,15,12,34,54,34,Arsenal FC,16,6,63,48
666,10,3,10,34,52,34,Burnley FC,14,7,34,31
667,10,4,12,34,46,34,Leicester City,12,8,52,48
668,9,-15,14,34,42,34,Everton FC,11,9,39,54
669,8,-8,15,34,41,34,Newcastle United,11,10,35,43
670,11,-15,14,34,38,34,AFC Bournemouth,9,11,41,56
671,7,-18,17,34,37,34,Watford FC,10,12,42,60
672,12,-18,14,34,36,34,West Ham United,8,13,41,59
673,11,-17,15,34,35,34,Brighton & Hove Albion,8,14,32,49
674,8,-27,17,34,35,34,Huddersfield Town,9,15,27,54
675,10,-18,16,34,34,34,Crystal Palace,8,16,36,54
676,9,-20,17,34,33,34,Swansea City,8,17,27,47
677,13,-19,15,34,31,34,Southampton FC,6,18,34,53
678,10,-33,18,34,28,34,Stoke City,6,19,31,64
679,12,-25,18,34,24,34,West Bromwich Albion,4,20,27,52
680,3,75,2,35,93,35,Manchester City,30,1,101,26
681,6,39,6,35,75,35,Manchester United,23,2,65,26
682,11,43,4,35,71,35,Liverpool FC,20,3,80,37
683,8,36,6,35,71,35,Tottenham Hotspur,21,4,67,31
684,7,25,9,35,64,35,Chelsea FC,19,5,60,35
685,6,18,12,35,57,35,Arsenal FC,17,6,67,49
686,11,3,10,35,53,35,Burnley FC,14,7,35,32
687,11,4,12,35,47,35,Leicester City,12,8,52,48
688,9,-14,14,35,45,35,Everton FC,12,9,40,54
689,8,-9,16,35,41,35,Newcastle United,11,10,35,44
690,11,-17,15,35,38,35,AFC Bournemouth,9,11,41,58
691,8,-18,17,35,38,35,Watford FC,10,12,42,60
692,12,-17,15,35,36,35,Brighton & Hove Albion,8,13,33,50
693,12,-21,15,35,36,35,West Ham United,8,14,42,63
694,9,-27,17,35,36,35,Huddersfield Town,9,15,28,55
695,11,-18,16,35,35,35,Crystal Palace,8,16,36,54
696,9,-25,18,35,33,35,Swansea City,8,17,27,52
697,14,-19,15,35,32,35,Southampton FC,6,18,34,53
698,11,-33,18,35,29,35,Stoke City,6,19,32,65
699,13,-25,18,35,25,35,West Bromwich Albion,4,20,29,54
700,3,78,2,36,96,36,Manchester City,31,1,105,27
701,6,40,6,36,78,36,Manchester United,24,2,67,27
702,8,38,6,36,74,36,Tottenham Hotspur,22,3,69,31
703,12,43,4,36,72,36,Liverpool FC,20,4,80,37
704,7,26,9,36,67,36,Chelsea FC,20,5,61,35
705,6,17,13,36,57,36,Arsenal FC,17,6,68,51
706,12,3,10,36,54,36,Burnley FC,14,7,35,32
707,9,-12,14,36,48,36,Everton FC,13,8,42,54
708,11,-1,13,36,47,36,Leicester City,12,9,52,53
709,8,-10,17,36,41,36,Newcastle United,11,10,35,45
710,11,-13,16,36,38,36,Crystal Palace,9,11,41,54
711,11,-18,16,36,38,36,AFC Bournemouth,9,12,42,60
712,8,-20,18,36,38,36,Watford FC,10,13,42,62
713,13,-17,15,36,37,36,Brighton & Hove Albion,8,14,33,50
714,12,-24,16,36,36,36,West Ham United,8,15,43,67
715,9,-29,18,36,36,36,Huddersfield Town,9,16,28,57
716,14,-18,15,36,35,36,Southampton FC,7,17,36,54
717,9,-26,19,36,33,36,Swansea City,8,18,27,53
718,12,-33,18,36,30,36,Stoke City,6,19,32,65
719,13,-24,18,36,28,36,West Bromwich Albion,5,20,30,54
720,4,78,2,37,97,37,Manchester City,31,1,105,27
721,6,39,7,37,78,37,Manchester United,24,2,67,28
722,8,37,7,37,74,37,Tottenham Hotspur,22,3,69,32
723,12,42,5,37,72,37,Liverpool FC,20,4,80,38
724,7,27,9,37,70,37,Chelsea FC,21,5,62,35
725,6,22,13,37,60,37,Arsenal FC,18,6,73,51
726,12,-2,11,37,54,37,Burnley FC,14,7,35,37
727,10,-12,14,37,49,37,Everton FC,13,8,43,55
728,11,-3,14,37,47,37,Leicester City,12,9,52,55
729,8,-11,18,37,41,37,Newcastle United,11,10,36,47
730,11,-12,16,37,41,37,Crystal Palace,10,11,43,55
731,11,-17,16,37,41,37,AFC Bournemouth,10,12,43,60
732,8,-19,18,37,41,37,Watford FC,11,13,44,63
733,13,-16,15,37,40,37,Brighton & Hove Albion,9,14,34,50
734,12,-22,16,37,39,37,West Ham United,9,15,45,67
735,10,-29,18,37,37,37,Huddersfield Town,9,16,28,57
736,15,-18,15,37,36,37,Southampton FC,7,17,37,55
737,9,-27,20,37,33,37,Swansea City,8,18,27,54
738,13,-23,18,37,31,37,West Bromwich Albion,6,19,31,54
739,12,-34,19,37,30,37,Stoke City,6,20,33,67
740,4,79,2,38,100,38,Manchester City,32,1,106,27
741,6,40,7,38,81,38,Manchester United,25,2,68,28
742,8,38,7,38,77,38,Tottenham Hotspur,23,3,74,36
743,12,46,5,38,75,38,Liverpool FC,21,4,84,38
744,7,24,10,38,70,38,Chelsea FC,21,5,62,38
745,6,23,13,38,63,38,Arsenal FC,19,6,74,51
746,12,-3,12,38,54,38,Burnley FC,14,7,36,39
747,10,-14,15,38,49,38,Everton FC,13,8,44,58
748,11,-4,15,38,47,38,Leicester City,12,9,56,60
749,8,-8,18,38,44,38,Newcastle United,12,10,39,47
750,11,-10,16,38,44,38,Crystal Palace,11,11,45,55
751,11,-16,16,38,44,38,AFC Bournemouth,11,12,45,61
752,12,-20,16,38,42,38,West Ham United,10,13,48,68
753,8,-20,19,38,41,38,Watford FC,11,14,44,64
754,13,-20,16,38,40,38,Brighton & Hove Albion,9,15,34,54
755,10,-30,19,38,37,38,Huddersfield Town,9,16,28,58
756,15,-19,16,38,36,38,Southampton FC,7,17,37,56
757,9,-28,21,38,33,38,Swansea City,8,18,28,56
758,12,-33,19,38,33,38,Stoke City,7,19,35,68
759,13,-25,19,38,31,38,West Bromwich Albion,6,20,31,56
